{
  "version": "4.1.5",
  "configs": [
    {
      "server": "119.28.45.230",
      "server_port": 12321,
      "password": "920518",
      "method": "aes-256-cfb",
      "plugin": "",
      "plugin_opts": "",
      "plugin_args": "",
      "remarks": "",
      "timeout": 5
    }
  ],
  "strategy": null,
  "index": 0,
  "global": false,
  "enabled": true,
  "shareOverLan": false,
  "isDefault": false,
  "localPort": 1080,
  "portableMode": false,
  "pacUrl": "https://raw.githubusercontent.com/oosalt/Shadowsocks-Back-China-PAC/master/BackCN-PAC.js",
  "useOnlinePac": false,
  "secureLocalPac": true,
  "availabilityStatistics": false,
  "autoCheckUpdate": true,
  "checkPreRelease": false,
  "isVerboseLogging": true,
  "logViewer": {
    "topMost": false,
    "wrapText": false,
    "toolbarShown": false,
    "Font": "Consolas, 8pt",
    "BackgroundColor": "Black",
    "TextColor": "White"
  },
  "proxy": {
    "useProxy": false,
    "proxyType": 0,
    "proxyServer": "",
    "proxyPort": 0,
    "proxyTimeout": 3
  },
  "hotkey": {
    "SwitchSystemProxy": "",
    "SwitchSystemProxyMode": "",
    "SwitchAllowLan": "",
    "ShowLogs": "",
    "ServerMoveUp": "",
    "ServerMoveDown": "",
    "RegHotkeysAtStartup": false
  }
}